{"root":[{"assemblyName":"Assembly-CSharp","nameSpace":"Mirror","className":"GeneratedNetworkCode","methodName":"InitReadWriters","loadTypes":1,"isUnityClass":false},{"assemblyName":"glTFast","nameSpace":"","className":"__JobReflectionRegistrationOutput__1854482118041315048","methodName":"EarlyInit","loadTypes":2,"isUnityClass":false},{"assemblyName":"glTFast","nameSpace":"","className":"$BurstDirectCallInitializer","methodName":"Initialize","loadTypes":2,"isUnityClass":false},{"assemblyName":"glTFast.Export","nameSpace":"","className":"__JobReflectionRegistrationOutput__12214744575510248138","methodName":"EarlyInit","loadTypes":2,"isUnityClass":false},{"assemblyName":"Mirror.Authenticators","nameSpace":"Mirror","className":"GeneratedNetworkCode","methodName":"InitReadWriters","loadTypes":1,"isUnityClass":false},{"assemblyName":"Mirror.Components","nameSpace":"Mirror","className":"GeneratedNetworkCode","methodName":"InitReadWriters","loadTypes":1,"isUnityClass":false},{"assemblyName":"Mirror","nameSpace":"Mirror","className":"NetworkClient","methodName":"Shutdown","loadTypes":1,"isUnityClass":false},{"assemblyName":"Mirror","nameSpace":"Mirror","className":"NetworkDiagnostics","methodName":"ResetStatics","loadTypes":0,"isUnityClass":false},{"assemblyName":"Mirror","nameSpace":"Mirror","className":"NetworkIdentity","methodName":"ResetStatics","loadTypes":1,"isUnityClass":false},{"assemblyName":"Mirror","nameSpace":"Mirror","className":"NetworkLoop","methodName":"ResetStatics","loadTypes":1,"isUnityClass":false},{"assemblyName":"Mirror","nameSpace":"Mirror","className":"NetworkLoop","methodName":"RuntimeInitializeOnLoad","loadTypes":1,"isUnityClass":false},{"assemblyName":"Mirror","nameSpace":"Mirror","className":"NetworkManager","methodName":"ResetStatics","loadTypes":1,"isUnityClass":false},{"assemblyName":"Mirror","nameSpace":"Mirror","className":"NetworkServer","methodName":"Shutdown","loadTypes":1,"isUnityClass":false},{"assemblyName":"Mirror","nameSpace":"Mirror","className":"NetworkTime","methodName":"ResetStatics","loadTypes":0,"isUnityClass":false},{"assemblyName":"Mirror","nameSpace":"Mirror","className":"ThreadLog","methodName":"Initialize","loadTypes":1,"isUnityClass":false},{"assemblyName":"Mirror","nameSpace":"Mirror","className":"GeneratedNetworkCode","methodName":"InitReadWriters","loadTypes":1,"isUnityClass":false},{"assemblyName":"Unity.Collections","nameSpace":"","className":"__JobReflectionRegistrationOutput__1652832624114795843","methodName":"EarlyInit","loadTypes":2,"isUnityClass":true},{"assemblyName":"Unity.Collections","nameSpace":"","className":"$BurstDirectCallInitializer","methodName":"Initialize","loadTypes":2,"isUnityClass":true}]}
